<?xml version="1.0" encoding="UTF-8"?>
<CustomField xmlns="http://soap.sforce.com/2006/04/metadata">
    <fullName>Handlebar_Color__c</fullName>
    <externalId>false</externalId>
    <label>Handlebar Color</label>
    <required>false</required>
    <trackTrending>false</trackTrending>
    <type>Picklist</type>
    <valueSet>
        <restricted>true</restricted>
        <valueSetDefinition>
            <sorted>false</sorted>
            <value>
                <fullName>white</fullName>
                <default>false</default>
                <label>white</label>
            </value>
            <value>
                <fullName>red</fullName>
                <default>false</default>
                <label>red</label>
            </value>
            <value>
                <fullName>blue</fullName>
                <default>false</default>
                <label>blue</label>
            </value>
            <value>
                <fullName>green</fullName>
                <default>false</default>
                <label>green</label>
            </value>
        </valueSetDefinition>
    </valueSet>
</CustomField>
