<?xml version="1.0" encoding="UTF-8"?>
<CustomField xmlns="http://soap.sforce.com/2006/04/metadata">
    <fullName>Level__c</fullName>
    <externalId>false</externalId>
    <label>Level</label>
    <required>false</required>
    <trackTrending>false</trackTrending>
    <type>Picklist</type>
    <valueSet>
        <restricted>true</restricted>
        <valueSetDefinition>
            <sorted>false</sorted>
            <value>
                <fullName>Beginner</fullName>
                <default>false</default>
                <label>Beginner</label>
            </value>
            <value>
                <fullName>Enthusiast</fullName>
                <default>false</default>
                <label>Enthusiast</label>
            </value>
            <value>
                <fullName>Racer</fullName>
                <default>false</default>
                <label>Racer</label>
            </value>
        </valueSetDefinition>
    </valueSet>
</CustomField>
