<?xml version="1.0" encoding="UTF-8"?>
<ListView xmlns="http://soap.sforce.com/2006/04/metadata">
    <fullName>ProductList</fullName>
    <columns>OBJECT_ID</columns>
    <columns>NAME</columns>
    <columns>MSRP__c</columns>
    <columns>Description__c</columns>
    <columns>Category__c</columns>
    <columns>Level__c</columns>
    <columns>Picture_URL__c</columns>
    <columns>Material__c</columns>
    <filterScope>Everything</filterScope>
    <label>ProductList</label>
</ListView>
